maxtempC,mintempC,sunHour,uvIndex,moon_illumination,DewPointC,FeelsLikeC,HeatIndexC,WindGustKmph,humidity,pressure,tempC,visibility,winddirDegree,windspeedKmph,PortlandRain,precipMM
29,29,11.6,6,61,8,23,23,14,40,1018,29,10,322,10,0,0
30,30,11.6,6,53,6,22,22,9,36,1019,30,10,271,5,0,0
30,30,11.6,6,46,4,23,23,8,28,1014,30,10,152,5,0,1
28,28,11.6,6,38,7,23,23,8,38,1009,28,10,222,5,0,1
23,23,11.6,5,31,4,19,19,17,40,1006,23,10,289,12,0,1
18,18,11.6,4,23,1,12,13,33,43,1012,18,10,316,24,0,0
16,16,10.2,4,16,-2,10,11,10,42,1018,16,10,197,6,0,0
23,23,11.6,4,8,-3,14,15,14,30,1013,23,10,136,9,0,0
17,17,10.2,3,0,5,14,15,13,56,1008,17,9,187,8,0,1
13,13,10.2,2,0,2,9,10,16,58,1010,13,9,249,11,0,1
14,14,8.8,4,0,4,10,11,21,61,1006,14,9,174,13,1,1
13,13,11.6,3,0,1,8,9,10,60,1009,13,9,277,8,1,1
9,9,10.2,3,7,2,5,7,12,69,1013,9,9,296,9,1,1
14,14,11.6,3,14,0,7,8,12,59,1017,14,10,317,8,0,0
16,16,11.6,3,22,-2,9,10,16,45,1018,16,10,325,11,0,0
16,16,11.6,4,30,-1,11,11,9,46,1018,16,10,244,6,0,0
19,19,11.6,4,37,2,14,14,7,47,1019,19,10,155,4,0,0
21,21,11.6,4,45,2,15,15,9,44,1021,21,10,152,6,0,0
23,23,11.6,5,52,1,16,16,8,39,1019,23,10,121,5,0,0
24,24,11.6,5,60,0,17,17,13,32,1014,24,10,125,8,0,0
17,17,11.6,4,67,3,13,14,21,50,1013,17,9,309,15,0,1
12,12,11.6,3,72,0,6,9,22,55,1015,12,10,316,15,0,1
12,12,11.6,3,79,-2,6,7,12,57,1016,12,10,274,8,1,1
14,14,11.6,3,87,-2,8,8,6,50,1021,14,10,172,4,1,0
12,12,5.9,2,94,-2,7,8,11,51,1020,12,8,121,7,0,1
14,14,11.6,4,100,-1,10,10,12,47,1021,14,10,213,7,0,0
18,18,11.6,5,100,0,15,15,9,36,1018,18,10,248,7,0,0
17,17,11.6,4,84,0,12,13,21,41,1012,17,10,276,14,0,0
12,12,11.6,3,77,-2,5,8,29,51,1017,12,10,319,21,0,1
12,12,11.6,3,70,-6,6,7,11,43,1026,12,10,208,6,1,0
17,17,10.1,3,62,-6,10,11,27,30,1016,17,10,130,16,0,0
13,13,11.5,3,55,-5,8,10,18,34,1012,13,10,213,11,0,0
9,9,11.5,2,48,-5,3,5,14,52,1021,9,10,244,9,0,0
8,8,7.2,2,41,-1,4,6,12,62,1021,8,9,214,8,1,1
8,8,11.5,2,33,-5,0,2,12,62,1033,8,10,278,8,1,0
13,13,11.4,3,26,-7,5,6,11,39,1031,13,10,136,7,1,0
15,15,10.6,3,19,-7,8,8,9,33,1026,15,10,134,5,0,0
17,17,5.3,3,12,-6,10,11,11,31,1020,17,10,95,6,0,0
21,21,10.5,4,4,-3,13,13,14,34,1017,21,10,90,8,0,0
22,22,10.5,5,0,-5,15,16,23,24,1007,22,10,142,12,0,0
14,14,8.4,2,0,-1,6,9,30,52,1006,14,9,250,21,0,1
7,7,6.8,1,3,-1,2,4,16,68,1021,7,10,159,10,1,1
11,11,5.2,2,10,6,7,9,21,81,1024,11,8,162,11,1,1
13,13,10.4,3,17,2,7,8,13,68,1036,13,10,210,8,1,0
15,15,10.4,3,25,0,8,9,8,55,1035,15,10,164,5,1,0
16,16,10.3,3,32,-1,9,10,10,51,1022,16,10,149,5,0,0
16,16,10.3,4,39,2,10,11,12,57,1020,16,10,322,7,0,0
16,16,10.3,4,46,3,10,10,8,64,1022,16,10,149,5,0,0
17,17,10.3,4,54,3,11,11,9,58,1020,17,10,126,5,0,0
18,18,10.2,4,61,2,11,11,12,54,1013,18,10,192,7,0,0
11,11,10.2,3,68,-1,7,8,15,51,1016,11,10,238,9,0,0
11,11,10.2,3,72,-6,5,6,11,45,1016,11,10,253,6,0,0
16,16,10.1,3,86,-5,9,10,17,37,1005,16,10,227,11,0,1
12,12,8.3,3,93,0,8,8,11,55,1009,12,10,160,7,0,1
10,10,5,2,100,3,5,7,17,73,1009,10,8,209,11,0,1
4,4,10.1,2,100,-2,0,2,9,72,1017,4,10,310,7,1,1
4,4,6.7,2,84,-3,-1,1,16,73,1016,4,9,134,10,1,1
4,4,10,2,76,-3,-1,1,10,75,1022,4,10,270,7,0,1
5,5,10,2,69,-7,-3,0,16,60,1030,5,10,104,10,1,0
7,7,9.9,2,61,-7,0,3,24,49,1022,7,10,131,14,0,0
11,11,9.9,3,54,-2,4,7,22,56,1014,11,9,155,13,0,1
9,9,6.6,3,46,2,5,6,11,76,1014,9,9,146,7,1,1
9,9,9.9,3,39,1,4,5,11,74,1021,9,10,93,6,0,1
10,10,8.3,3,31,-1,3,6,18,62,1020,10,10,139,10,0,0
14,14,9.8,3,24,-1,6,8,22,55,1017,14,9,139,13,0,1
8,8,9.8,3,16,-2,4,5,14,60,1021,8,9,234,9,0,1
9,9,8.3,2,8,-3,2,6,29,55,1015,9,10,118,17,0,1
9,9,9.8,3,1,2,5,7,22,73,1005,9,9,238,14,0,1
5,5,9.8,2,0,-3,1,3,16,66,1016,5,10,236,11,1,1
7,7,9.7,2,0,-6,0,2,15,55,1030,7,10,151,9,1,0
7,7,8.2,2,0,-8,0,2,17,48,1023,7,10,121,10,1,0
7,7,4.8,2,6,0,3,6,27,66,1015,7,9,116,14,0,1
14,14,6.5,3,14,6,9,10,14,80,1022,14,8,96,8,1,1
17,17,9.7,4,22,8,12,12,16,74,1024,17,10,107,9,1,1
16,16,9.6,4,29,6,12,13,21,63,1017,16,10,142,11,1,1
12,12,9.6,3,37,3,7,9,15,68,1016,12,10,228,9,0,1
11,11,9.6,3,44,-3,5,6,17,52,1021,11,10,112,9,1,1
14,14,6.5,3,52,0,8,10,27,51,1013,14,10,116,13,0,1
12,12,9.6,3,59,0,4,7,21,65,1013,12,10,283,14,0,1
7,7,9.6,2,67,-7,1,3,18,51,1023,7,10,137,11,0,0
4,4,9.5,2,74,-4,-1,2,15,68,1029,4,10,301,9,0,1
4,4,9.5,2,82,-6,-1,1,8,61,1027,4,10,146,5,1,0
7,7,9.5,2,86,-4,0,2,11,65,1023,7,10,110,6,0,0
7,7,4.5,1,93,-2,1,3,11,71,1017,7,9,111,6,1,1
3,3,6.9,1,100,-2,-2,2,23,78,1013,3,9,282,16,0,1
2,2,8.7,2,100,-6,-5,-1,18,68,1031,2,10,320,12,1,0
2,2,8.7,2,85,-9,-4,-2,11,60,1037,2,10,330,6,0,0
1,1,8.7,2,77,-8,-4,-2,10,64,1041,1,10,201,6,0,0
1,1,8.7,2,70,-8,-4,-3,6,67,1041,1,10,179,3,0,0
1,1,8.7,2,63,-10,-4,-3,6,57,1039,1,10,152,3,0,0
1,1,8.7,2,56,-10,-5,-3,7,60,1039,1,10,138,4,0,0
1,1,8.7,2,48,-12,-4,-4,4,54,1039,1,10,173,2,0,0
0,0,8.7,2,41,-13,-4,-4,3,51,1038,0,10,235,2,0,0
0,0,8.7,2,34,-17,-6,-4,7,36,1036,0,10,249,4,0,0
0,0,8.7,2,27,-18,-6,-3,10,31,1030,0,10,331,6,0,0
0,0,8.7,2,19,-9,-5,-3,7,65,1034,0,10,132,4,0,0
-1,-1,6.9,2,12,-10,-5,-4,7,61,1027,-1,10,167,4,0,1
1,1,8.7,2,5,-6,-8,-3,23,80,1022,1,10,318,14,0,0
1,1,6.9,2,0,-8,-4,-2,8,64,1027,1,10,160,4,0,0
4,4,8.7,2,0,-5,-1,1,12,66,1024,4,10,104,6,0,0
6,6,3.4,1,2,-3,0,4,31,64,1017,6,9,118,16,0,1
6,6,8.7,2,10,-5,-4,1,27,65,1015,6,10,277,17,0,0
0,0,8.7,2,17,-9,-7,-3,20,61,1029,0,10,281,13,1,0
2,2,5.1,1,24,-9,-3,-1,8,57,1025,2,9,111,5,0,1
-1,-1,8.7,2,31,-5,-6,-2,15,85,1027,-1,8,285,10,0,1
-4,-4,3.4,1,39,-12,-10,-7,9,69,1033,-4,9,105,5,1,1
-2,-2,8.7,2,46,-7,-7,-6,7,92,1025,-2,7,167,4,1,1
-2,-2,8.7,2,53,-9,-9,-7,10,83,1030,-2,10,72,5,0,0
0,0,6.9,2,61,-7,-4,-4,5,79,1028,0,10,87,3,0,0
1,1,6.9,2,68,-4,-4,-2,10,87,1028,1,10,145,5,0,1
5,5,6.9,2,75,-2,1,3,16,70,1022,5,9,105,8,0,1
5,5,8.7,2,82,-1,-1,2,21,77,1022,5,10,198,10,1,1
1,1,8.7,2,86,-7,-6,-3,13,74,1030,1,10,88,6,1,0
-1,-1,8.7,2,97,-9,-7,-4,13,71,1031,-1,10,152,7,0,0
0,0,8.7,2,100,-7,-6,-4,12,76,1034,0,10,138,7,0,0
-1,-1,8.7,2,89,-8,-5,-4,9,74,1029,-1,10,169,5,0,0
0,0,8.7,2,81,-7,-4,-3,7,75,1025,0,10,138,4,0,0
2,2,8.7,2,74,-5,-2,-1,7,73,1025,2,10,122,3,0,0
1,1,5.2,1,67,-2,-1,0,8,88,1023,1,7,211,4,0,1
4,4,8.7,2,59,-2,-2,1,14,83,1024,4,10,101,7,0,0
4,4,8.7,2,52,-2,-1,1,11,82,1017,4,10,113,6,1,0
4,4,3.4,2,45,1,0,3,25,87,1007,4,10,125,12,1,1
3,3,8.7,2,38,-2,-2,1,17,82,1015,3,8,237,9,0,1
4,4,3.4,1,30,-1,-2,2,25,83,1021,4,10,125,13,1,1
7,7,8.7,2,23,1,2,3,13,82,1027,7,10,255,7,0,1
7,7,8.7,2,16,0,2,3,11,77,1032,7,10,132,6,1,0
7,7,8.7,2,9,-1,2,3,10,74,1030,7,10,120,5,0,0
7,7,8.7,2,1,-2,1,3,15,72,1027,7,10,120,8,0,0
4,4,7,2,0,-3,0,2,13,72,1026,4,10,163,6,0,1
7,7,8.7,2,0,-2,0,2,20,71,1028,7,10,116,11,0,0
11,11,7,3,6,1,4,7,35,68,1014,11,10,143,19,0,1
4,4,7,1,13,-1,0,2,12,77,1014,4,10,192,9,1,1
3,3,8.7,2,20,-5,-2,0,11,70,1021,3,10,254,7,0,0
4,4,8.7,2,28,-6,-2,0,11,65,1026,4,10,195,7,0,1
3,3,7,1,35,-2,-2,1,17,84,1026,3,7,166,10,0,1
4,4,5.2,2,42,-4,-3,1,22,69,1028,4,10,109,13,0,0
7,7,5.2,2,49,-3,0,4,40,60,1017,7,10,123,21,1,0
5,5,8.7,2,57,-3,0,3,18,69,1011,5,9,216,10,1,1
3,3,8.7,1,64,-5,-2,0,11,69,1025,3,10,189,7,1,1
3,3,3.5,1,71,-3,-3,1,22,77,1028,3,9,116,13,1,1
7,7,8.7,2,78,2,2,4,14,86,1033,7,9,92,7,1,1
8,8,5.3,2,86,0,3,5,18,71,1029,8,10,105,9,1,0
9,9,7,3,93,0,4,6,24,63,1017,9,9,207,14,0,1
4,4,8.7,2,97,-5,-1,1,12,64,1024,4,10,290,7,1,0
6,6,7,2,88,-5,1,2,9,59,1026,6,10,76,5,1,0
11,11,9.6,3,81,2,6,7,14,71,1024,11,9,164,8,0,1
12,12,10,3,73,4,6,8,19,76,1023,12,10,319,12,0,1
14,14,10.4,3,66,4,7,8,13,74,1021,14,10,308,8,0,1
9,9,10.5,3,58,1,5,7,19,69,1019,9,10,317,12,0,1
7,7,10.5,2,51,-2,1,4,16,67,1024,7,10,285,10,0,0
11,11,10.5,3,43,-2,5,6,11,61,1029,11,10,139,6,0,0
14,14,10.5,3,36,0,7,9,15,54,1023,14,10,140,8,0,0
8,8,10.6,3,28,-1,3,6,22,61,1018,8,10,310,14,0,0
4,4,10.6,2,20,-8,-3,1,23,52,1022,4,10,316,16,0,0
5,5,6.9,1,13,-11,-2,1,16,41,1016,5,10,149,10,0,1
4,4,10.6,2,5,-6,-3,0,17,63,1016,4,9,306,12,0,1
4,4,10.7,2,0,-10,-1,0,8,46,1027,4,10,193,5,0,0
4,4,8.5,2,0,-5,-2,1,22,65,1019,4,8,189,13,0,1
1,1,10.7,2,0,-6,-5,-1,17,72,1028,1,10,276,11,0,0
2,2,8.5,2,2,-7,-3,-1,12,63,1028,2,10,131,7,1,1
6,6,8.5,2,10,-1,0,2,17,78,1018,6,9,146,9,0,1
6,6,10.8,2,17,-3,-2,2,26,70,1006,6,10,299,16,0,0
-3,-3,10.8,2,25,-11,-11,-6,21,65,1013,-3,10,274,15,1,0
-6,-6,10.9,2,32,-17,-14,-10,14,55,1027,-6,10,267,8,1,0
-1,-1,8.5,2,40,-14,-9,-5,17,52,1025,-1,10,139,10,0,1
-2,-2,8.5,1,47,-8,-7,-4,11,77,1020,-2,8,233,8,1,1
-4,-4,11,2,55,-13,-12,-8,15,68,1030,-4,10,254,9,0,0
-1,-1,5.5,1,62,-8,-9,-5,18,80,1022,-1,8,180,11,0,1
-1,-1,5.5,1,70,-6,-8,-4,18,86,1022,-1,8,173,11,0,1
0,0,8.6,1,77,-4,-6,-2,22,82,1015,0,8,273,14,1,1
-2,-2,11.1,2,85,-11,-10,-7,10,74,1024,-2,10,177,5,1,0
1,1,7.1,1,93,-8,-8,-3,23,71,1022,1,10,114,13,0,0
4,4,5.6,1,96,-1,-5,1,44,85,1011,4,7,120,26,0,1
3,3,11.2,1,100,-3,-3,1,28,74,1008,3,9,165,16,1,1
3,3,10.1,2,89,-6,-5,-1,20,69,1016,3,10,128,11,0,1
2,2,11.2,2,82,-7,-5,-2,14,71,1022,2,10,146,8,0,0
4,4,11.3,2,74,-6,-2,-1,11,67,1029,4,10,165,6,0,1
6,6,11.3,2,67,-6,-3,1,23,60,1029,6,10,109,13,0,0
8,8,10.1,2,60,-5,-1,2,22,58,1024,8,10,118,12,0,0
10,10,11.3,3,53,-2,2,5,24,59,1016,10,10,126,13,0,1
9,9,8.6,2,45,2,5,6,9,74,1014,9,10,147,5,0,1
10,10,11.4,3,38,-1,4,5,12,68,1018,10,10,87,8,1,0
11,11,11.4,3,31,-2,5,6,8,56,1022,11,10,141,5,0,0
13,13,11.5,3,24,-1,5,7,17,59,1023,13,10,123,10,0,0
17,17,11.5,3,16,0,8,10,33,50,1014,17,10,121,20,0,0
10,10,10.2,3,9,3,6,7,13,72,1008,10,10,159,8,0,1
7,7,10.2,1,2,-1,2,4,11,72,1009,7,10,286,7,0,1
7,7,11.6,2,0,-2,0,4,25,64,1010,7,9,124,16,0,1
5,5,6,1,0,-1,1,3,8,76,1010,5,9,172,6,0,1
6,6,10.2,2,5,-3,1,3,11,67,1019,6,9,232,8,0,1
9,9,8.8,1,13,-4,2,4,15,55,1023,9,10,120,8,0,1
9,9,10.2,2,20,-2,3,5,14,62,1019,9,9,111,8,0,1
12,12,10.2,3,27,1,4,7,31,64,1011,12,9,119,19,0,1
12,12,6.3,2,34,5,7,9,31,77,1006,12,9,145,18,0,1
9,9,11.6,3,42,-2,5,6,7,60,1013,9,10,136,5,0,1
6,6,11.6,2,49,-7,2,4,18,45,1012,6,10,220,11,1,1
4,4,9,1,56,-3,0,2,9,71,1015,4,9,211,6,1,1
6,6,11.6,2,63,-6,-2,1,17,63,1025,6,10,324,11,1,0
11,11,11.6,3,71,-3,4,5,12,55,1026,11,10,171,8,0,0
12,12,11.6,3,78,0,5,7,23,63,1023,12,10,322,15,0,0
12,12,11.6,3,85,-2,5,7,17,53,1023,12,10,283,10,0,0
16,16,7.7,2,93,-1,9,10,13,51,1019,16,10,162,8,0,0
13,13,7.7,2,96,1,8,9,14,57,1017,13,10,320,10,0,1
13,13,10.3,3,89,0,7,8,10,59,1013,13,9,230,6,0,1
10,10,11.6,2,81,-5,0,4,33,52,1012,10,10,306,25,0,1
9,9,9,2,74,-9,1,4,18,39,1021,9,10,113,12,1,0
13,13,11.6,3,66,-3,7,9,13,46,1016,13,10,168,8,0,1
14,14,7.8,3,59,3,9,10,9,65,1015,14,9,147,5,0,1
14,14,11.6,4,51,5,10,10,7,73,1010,14,10,247,5,0,1
15,15,10.3,3,44,5,9,11,33,67,1005,15,9,180,21,0,1
10,10,9.1,2,36,1,6,8,21,64,1015,10,10,262,15,0,1
14,14,11.6,3,28,0,7,8,7,63,1024,14,10,94,4,1,0
20,20,7.8,3,21,1,11,12,24,48,1015,20,9,150,14,1,1
15,15,9.1,4,13,3,10,10,13,63,1009,15,10,169,8,0,1
9,9,9.1,1,6,-2,0,5,34,62,1009,9,8,298,25,0,1
10,10,11.6,2,0,-3,2,4,17,58,1028,10,10,276,11,0,0
13,13,7.9,2,0,0,8,9,10,56,1024,13,9,145,6,1,1
18,18,10.4,3,0,2,11,12,20,50,1009,18,9,123,13,1,1
10,10,11.6,2,1,-1,5,7,16,59,1006,10,9,302,12,1,1
9,9,11.6,2,9,-6,1,4,19,50,1020,9,10,271,14,1,1
14,14,9.2,3,17,-6,5,8,21,40,1020,14,10,103,13,1,0
16,16,10.4,3,24,0,9,10,21,49,1014,16,10,209,14,0,0
17,17,11.6,4,32,1,9,11,26,51,1019,17,10,318,17,0,0
18,18,11.6,4,39,1,13,13,14,45,1019,18,10,140,10,0,0
16,16,11.6,4,47,0,9,10,19,48,1019,16,10,316,13,0,0
15,15,11.6,3,54,-2,7,9,23,50,1022,15,10,308,16,0,0
18,18,11.6,4,62,-1,10,11,16,44,1025,18,10,145,10,0,0
21,21,11.6,4,69,0,13,14,17,40,1020,21,10,187,10,0,0
24,24,11.6,5,77,2,16,16,13,38,1018,24,10,119,8,0,0
28,28,11.6,5,85,2,19,18,21,34,1009,28,10,135,13,0,1
16,16,11.6,4,92,3,13,14,19,51,1008,16,10,285,13,0,1
13,13,11.6,3,100,1,7,9,18,60,1011,13,10,310,13,0,1
14,14,11.6,3,100,1,5,8,27,60,1013,14,10,323,19,1,1
14,14,11.6,3,89,1,7,9,21,59,1012,14,10,321,15,1,1
17,17,11.6,4,82,1,10,10,15,57,1014,17,10,295,10,0,0
20,20,11.6,4,75,2,13,13,11,50,1018,20,10,199,8,0,0
25,25,11.6,5,68,3,17,18,9,41,1020,25,10,91,5,0,0
25,25,11.6,5,60,5,19,19,10,41,1017,25,10,114,6,0,0
25,25,11.6,5,53,5,19,19,15,42,1013,25,10,212,10,0,0
22,22,11.6,5,46,5,16,17,15,50,1018,22,10,330,10,0,0
26,26,10.5,5,39,5,18,18,8,44,1017,26,10,97,5,0,0
24,24,11.6,5,31,8,18,19,14,53,1012,24,10,271,9,0,1
17,17,11.6,4,24,6,13,14,21,60,1012,17,10,320,15,0,1
14,14,9.4,3,17,2,6,9,27,62,1013,14,10,323,20,0,1
16,16,13.4,4,9,4,10,11,14,62,1011,16,10,261,9,1,1
16,16,12.4,3,2,6,11,11,10,73,1014,16,8,186,7,0,1
22,22,14.5,5,0,4,15,15,11,52,1016,22,10,200,7,0,0
22,22,14.5,5,0,6,17,18,14,49,1013,22,10,116,9,0,1
22,22,14.5,5,5,6,16,17,15,51,1012,22,10,170,9,0,0
19,19,14.5,4,12,8,14,15,13,67,1011,19,10,327,9,0,1
20,20,14.5,4,19,9,15,15,13,66,1011,20,10,278,8,0,1
23,23,14.5,5,27,5,16,17,10,51,1012,23,10,165,6,0,0
21,21,12.4,4,34,7,17,17,10,54,1011,21,10,201,6,0,1
22,22,14.5,5,41,9,16,17,11,65,1011,22,10,318,7,0,1
24,24,14.5,5,48,9,18,18,7,59,1010,24,10,245,4,0,1
24,24,14.5,5,56,9,19,19,11,55,1009,24,10,178,7,0,1
26,26,14.5,5,63,9,20,20,9,54,1014,26,10,148,5,0,1
27,27,14.5,6,70,8,21,20,13,48,1009,27,10,216,8,0,1
21,21,14.5,5,78,10,16,16,19,68,1010,21,10,159,14,0,1
25,25,14.5,5,85,8,16,17,22,58,1013,25,10,312,15,0,1
25,25,14.5,4,92,10,18,18,15,60,1014,25,10,306,10,0,1
26,26,14.5,5,99,6,19,19,12,45,1011,26,10,262,8,0,0
23,23,14.5,5,100,7,17,18,12,51,1005,23,10,275,8,0,0
21,21,14.5,5,89,8,15,16,13,64,1005,21,10,274,9,0,1
18,18,14.5,4,74,2,11,12,17,53,1018,18,10,276,12,0,0
25,25,14.5,5,67,1,17,17,11,36,1022,25,10,160,6,1,0
30,30,14.5,6,59,4,22,21,16,33,1015,30,10,124,11,0,0
27,27,14.5,6,52,7,21,21,15,42,1009,27,10,298,10,0,0
25,25,14.5,5,44,5,18,19,18,44,1010,25,10,278,12,0,0
29,29,14.5,6,36,5,21,20,13,36,1009,29,10,256,8,0,0
27,27,14.5,6,29,7,21,21,10,42,1008,27,10,251,7,0,1
28,28,14.5,6,21,9,21,21,8,52,1012,28,10,221,5,0,1
22,22,13.5,5,14,8,17,18,19,54,1008,22,10,275,12,0,1
15,15,14.5,4,6,-1,9,10,18,50,1016,15,10,266,12,0,0
18,18,14.5,4,0,0,13,14,16,38,1016,18,10,221,12,1,1
25,25,14.5,5,0,-3,16,16,8,30,1017,25,10,117,4,1,0
30,30,14.5,6,0,1,22,21,12,26,1008,30,10,156,7,0,0
21,21,13.5,5,1,4,16,17,24,44,1010,21,10,317,16,0,0
23,23,12.5,5,9,2,17,18,10,37,1007,23,10,253,7,0,0
22,22,14.5,5,16,4,16,17,10,47,1006,22,10,285,7,0,1
16,16,10.5,3,24,7,12,13,14,69,1009,16,10,314,10,0,1
20,20,14.5,4,31,9,15,15,9,69,1013,20,10,221,6,0,1
22,22,14.5,5,39,9,17,18,10,62,1017,22,10,307,7,0,1
27,27,14.5,6,46,9,21,21,10,50,1017,27,10,105,6,0,0
25,25,14.5,5,54,9,20,20,18,53,1015,25,10,247,12,0,1
28,28,14.5,6,61,8,21,21,10,47,1015,28,10,174,6,0,0
23,23,14.5,5,69,6,19,19,26,46,1013,23,10,307,18,0,0
27,27,14.5,5,77,6,19,20,9,45,1016,27,10,238,6,0,0
31,31,14.5,6,84,7,24,24,22,34,1010,31,10,200,14,0,0
25,25,14.5,5,92,3,19,19,22,37,1014,25,10,319,15,0,0
31,31,14.5,6,99,2,22,21,9,28,1010,31,10,198,5,0,0
24,24,14.5,6,100,5,20,20,26,36,1008,24,10,315,18,0,0
23,23,14.5,5,86,5,17,17,22,45,1014,23,10,313,15,0,0
25,25,14.5,5,78,5,18,18,16,44,1018,25,10,238,10,0,0
26,26,14.5,5,75,6,20,20,15,42,1016,26,10,246,11,0,0
24,24,14.5,5,68,1,19,19,22,33,1014,24,10,321,15,0,0
21,21,14.5,5,61,0,14,15,23,36,1015,21,10,310,15,0,0
32,32,14.5,6,54,1,21,20,12,28,1015,32,10,125,8,0,0
36,36,14.5,7,46,3,26,26,12,25,1015,36,10,166,8,0,0
31,31,14.5,7,39,2,24,24,14,23,1019,31,10,282,10,0,0
32,32,14.5,6,32,6,24,24,14,30,1016,32,10,179,9,0,0
34,34,14.5,7,24,6,25,25,13,30,1014,34,10,237,8,0,0
36,36,14.5,7,17,4,26,26,11,25,1014,36,10,167,7,0,0
29,29,14.5,6,10,5,24,24,21,29,1015,29,10,279,14,0,0
29,29,14.5,6,3,5,22,22,17,34,1016,29,10,267,12,0,0
31,31,14.5,6,0,5,22,22,16,33,1015,31,10,275,10,0,0
34,34,14.5,7,0,4,25,25,11,27,1015,34,10,216,7,0,0
34,34,14.5,7,4,3,26,26,15,22,1015,34,10,216,10,0,0
35,35,14.5,7,12,4,25,25,15,24,1015,35,10,283,10,0,1
34,34,14.5,7,19,5,26,26,12,27,1015,34,10,235,8,0,1
34,34,14.5,7,26,5,25,25,10,28,1016,34,10,183,7,0,0
34,34,14.5,7,34,2,26,26,16,22,1015,34,10,198,10,0,0
33,33,14.5,7,41,2,24,24,14,22,1015,33,10,332,9,0,0
33,33,14.5,7,48,1,24,24,11,21,1012,33,10,220,8,0,0
32,32,14.5,6,55,-1,24,24,14,20,1012,32,10,277,10,0,0
31,31,14.5,6,63,-1,23,23,19,21,1018,31,10,324,13,0,0
35,35,14.5,7,70,-1,25,25,9,18,1018,35,10,198,6,0,0
35,35,14.5,7,77,5,27,27,10,23,1016,35,10,219,7,0,1
35,35,14.5,7,84,5,27,27,15,25,1017,35,10,277,10,0,1
34,34,14.5,7,92,3,26,26,13,23,1017,34,10,207,9,0,0
34,34,14.5,7,99,1,26,26,14,19,1014,34,10,253,9,0,0
33,33,14.5,7,100,2,25,25,13,22,1013,33,10,193,9,0,0
34,34,14.5,7,86,2,25,25,12,22,1016,34,10,232,8,0,0
35,35,14.5,7,79,3,26,26,10,22,1017,35,10,168,7,0,0
36,36,13.4,7,75,3,28,28,13,19,1013,36,10,119,8,0,1
35,35,14.5,7,65,5,28,28,10,23,1011,35,10,217,7,0,1
32,32,14.5,7,57,3,25,25,13,24,1011,32,10,289,9,0,0
28,28,14.5,6,50,0,22,22,17,23,1012,28,10,282,12,0,0
28,28,14.5,6,43,2,21,21,18,29,1012,28,10,283,11,0,0
29,29,14.5,6,36,1,22,21,15,27,1014,29,10,319,10,0,0
31,31,14.5,6,28,2,23,23,12,25,1017,31,10,170,7,0,0
33,33,14.5,7,21,2,25,25,14,23,1015,33,10,206,10,0,0
36,36,11.6,7,14,2,27,27,11,21,1014,36,10,164,7,0,0
38,38,11.6,7,6,2,28,28,11,18,1014,38,10,155,7,0,0
40,40,11.6,8,0,0,30,30,16,14,1012,40,10,169,10,0,0
37,37,11.6,8,0,1,29,29,13,16,1011,37,10,233,8,0,1
29,29,11.6,6,1,3,23,23,23,29,1014,29,10,316,15,0,1
32,32,11.6,6,8,0,23,23,17,22,1014,32,10,324,11,0,0
32,32,11.6,6,15,-1,23,23,14,21,1012,32,10,288,9,0,0
34,34,11.6,7,22,-3,25,25,12,15,1012,34,10,164,7,0,0
34,34,11.6,7,30,2,26,26,10,21,1014,34,10,193,6,0,0
32,32,11.6,7,37,5,26,26,15,27,1016,32,10,191,9,0,1
30,30,11.6,6,44,2,23,23,13,28,1018,30,10,319,9,0,0
33,33,11.6,6,51,3,24,24,15,26,1015,33,10,130,10,0,0
31,31,11.6,6,59,3,23,23,18,27,1011,31,10,257,13,0,0
26,26,11.6,5,66,5,20,20,15,40,1016,26,10,318,9,0,0
29,29,11.6,6,73,6,21,21,11,38,1014,29,10,171,7,0,1
29,29,11.6,6,81,3,22,22,10,29,1013,29,10,151,6,0,0
27,27,11.6,6,88,2,21,21,16,28,1011,27,10,217,11,0,0
27,27,11.6,6,95,0,20,20,15,28,1012,27,10,317,9,0,0
22,22,10.4,5,100,3,17,18,18,40,1011,22,10,319,12,0,1
19,19,11.6,4,100,6,14,15,19,55,1013,19,9,325,13,0,1
23,23,11.6,5,83,2,15,15,9,45,1018,23,10,241,5,0,0
28,28,11.6,5,76,1,19,19,11,33,1014,28,10,133,7,0,0
28,28,11.6,6,69,1,22,21,17,26,1011,28,10,240,11,0,1
24,24,11.6,5,65,4,19,19,21,40,1014,24,10,315,13,0,0
25,25,11.6,5,48,0,18,18,12,32,1014,25,10,290,8,0,0
26,26,11.6,5,41,-2,19,19,11,26,1014,26,10,337,8,0,0
28,28,11.6,6,33,-2,21,20,12,23,1013,28,10,176,8,0,0
29,29,11.6,6,26,2,21,21,14,31,1013,29,10,318,9,0,0
33,33,11.6,6,18,0,22,22,7,23,1014,33,10,85,5,0,0
32,32,11.6,7,11,1,24,24,12,21,1016,32,10,121,7,0,1
30,30,10.3,6,3,5,23,23,13,31,1016,30,10,137,7,0,1
27,27,11.6,6,0,3,22,22,17,28,1013,27,10,249,12,0,0
26,26,11.6,5,0,1,20,19,9,30,1013,26,10,252,6,0,0
26,26,9,5,0,0,20,20,13,27,1011,26,10,153,9,0,0
21,21,11.6,5,4,2,16,16,18,42,1010,21,10,276,12,0,0
20,20,11.6,4,12,0,14,14,19,40,1010,20,10,323,12,1,0
20,20,11.6,4,19,-1,15,15,13,34,1012,20,10,243,9,1,0
25,25,11.6,5,27,-4,16,16,13,27,1013,25,10,98,9,1,0
22,22,10.2,5,34,-3,17,18,11,26,1009,22,10,119,6,0,1
22,22,11.6,5,42,0,16,16,14,34,1013,22,10,170,9,0,0
23,23,11.6,5,49,-2,16,16,9,32,1014,23,10,196,5,0,0
24,24,11.6,5,57,-3,16,16,15,28,1012,24,10,287,10,1,0
22,22,11.6,5,64,-2,15,15,19,32,1011,22,10,322,12,0,0
20,20,11.6,4,72,-2,13,14,16,35,1017,20,10,287,10,0,0
25,25,8.8,5,80,-3,17,17,12,26,1017,25,10,114,7,0,0
25,25,7.4,4,87,-3,20,19,19,22,1013,25,10,218,10,0,0
19,19,11.6,5,95,1,15,15,23,40,1013,19,10,324,15,0,0
18,18,11.6,4,100,-4,11,11,19,36,1018,18,10,318,13,1,0
19,19,11.6,4,100,-3,12,12,10,36,1022,19,10,204,6,0,0
21,21,11.6,4,83,-4,14,14,10,31,1022,21,10,184,6,0,0
25,25,11.6,5,75,-3,17,17,10,27,1016,25,10,139,6,0,0
25,25,11.6,5,68,1,18,18,9,32,1010,25,10,170,5,0,0
25,25,11.6,5,60,-1,18,18,12,27,1005,25,10,146,7,0,0
19,19,10.2,5,52,2,16,16,16,39,1009,19,10,231,11,0,1
23,23,10.2,5,51,1,15,15,16,40,1012,23,10,135,10,0,0
23,23,11.6,5,43,3,17,17,10,38,1009,23,10,128,7,0,0
19,19,11.6,4,36,4,15,15,13,51,1010,19,10,309,8,0,1
14,14,7.3,4,29,5,10,11,14,70,1010,14,9,268,9,0,1
14,14,10.2,3,21,2,9,9,8,65,1017,14,9,176,5,0,1
14,14,11.6,4,14,4,9,10,13,64,1013,14,9,229,9,0,1
15,15,11.6,3,7,0,6,9,27,57,1017,15,10,311,19,0,0
13,13,11.6,3,0,-1,7,8,12,52,1014,13,10,285,7,0,0
10,10,5.8,2,0,3,7,8,14,70,1008,10,8,191,10,0,1
11,11,11.6,3,0,1,5,7,11,70,1013,11,10,310,7,1,0
12,12,11.5,3,7,-1,6,7,10,60,1017,12,10,278,7,0,0
15,15,11.5,3,15,-2,9,9,7,49,1018,15,10,156,4,0,0
13,13,11.5,3,22,-4,6,9,26,43,1016,13,10,256,18,0,0
10,10,11.5,2,29,-9,3,5,12,40,1029,10,10,274,7,0,0
12,12,11.4,3,36,-11,5,6,9,29,1029,12,10,133,5,0,0
14,14,11,3,44,-7,8,8,10,35,1027,14,10,135,6,0,0
17,17,10.6,3,51,-2,10,10,7,43,1024,17,10,160,4,0,0
17,17,10.5,4,58,-1,11,11,9,45,1021,17,10,186,5,0,0
18,18,10.5,4,66,0,12,12,8,47,1025,18,10,119,4,0,0
19,19,10.5,4,73,-1,12,13,10,41,1023,19,10,129,5,0,0
19,19,10.4,4,80,0,13,13,9,41,1017,19,10,168,5,0,0
20,20,10.4,4,87,3,14,14,11,47,1015,20,10,86,6,0,1
18,18,10.4,4,95,6,14,14,12,62,1014,18,10,114,7,0,1
18,18,10,4,100,4,12,13,15,55,1015,18,10,173,8,0,1
15,15,10.3,4,100,2,10,10,8,57,1021,15,10,248,5,0,0
19,19,10,4,84,3,13,13,13,50,1020,19,10,132,7,0,0
18,18,10.3,4,76,7,13,13,11,69,1017,18,10,160,6,1,0
20,20,10.3,4,69,5,14,15,23,53,1014,20,10,159,13,1,1
11,11,10.2,3,62,1,6,8,18,61,1019,11,10,319,12,1,1
10,10,10.2,3,54,-2,3,5,15,61,1025,10,10,318,10,1,0
8,8,6.7,2,51,-2,5,6,10,59,1023,8,9,106,6,1,1
15,15,10.2,3,34,5,8,9,11,76,1021,15,10,145,7,0,0
13,13,10,3,26,5,9,10,18,72,1019,13,10,210,11,1,1
11,11,10.1,3,19,0,5,7,15,66,1024,11,10,292,9,0,0
12,12,10,2,11,0,7,8,14,57,1015,12,9,140,8,1,1
9,9,10,3,4,-1,3,5,17,64,1018,9,10,316,10,0,0
8,8,10,2,0,-2,2,4,13,65,1022,8,10,270,8,1,1
7,7,10,2,0,-5,1,3,12,59,1025,7,10,187,8,1,0
6,6,10,2,0,-9,-2,1,17,51,1032,6,10,320,10,0,0
7,7,9.9,2,4,-13,-1,1,11,34,1029,7,10,102,7,0,0
6,6,9.9,2,11,-11,-2,2,22,38,1023,6,10,288,13,0,0
5,5,9.9,2,19,-9,-3,0,14,56,1031,5,10,271,9,0,0
5,5,9.9,2,26,-11,-2,0,10,44,1037,5,10,121,6,0,0
8,8,8.3,2,34,-13,0,1,11,35,1036,8,10,134,6,0,0
8,8,9.8,2,41,-11,1,2,9,37,1031,8,10,168,4,0,0
10,10,9.8,2,49,-7,3,3,8,46,1026,10,10,138,4,0,0
10,10,9.8,2,56,-3,3,4,11,61,1020,10,10,172,6,0,0
7,7,9.8,2,64,-2,2,3,9,71,1024,7,10,231,5,0,0
7,7,9.7,2,72,-5,0,1,8,65,1027,7,10,130,4,0,0
6,6,9.7,2,79,-10,-1,0,8,48,1026,6,10,140,4,0,0
7,7,9.7,2,87,-10,-1,1,9,44,1023,7,10,143,5,0,0
8,8,9.7,2,94,-11,0,2,10,41,1019,8,10,122,6,0,0
10,10,9.7,3,100,-4,4,6,18,49,1012,10,10,158,11,0,1
5,5,6.5,2,100,0,1,4,22,74,1012,5,10,167,14,0,1
5,5,9.6,2,83,-3,-2,2,25,71,1017,5,10,312,16,1,0
5,5,9.6,2,76,-6,-1,0,9,65,1028,5,10,131,5,1,0
5,5,9.6,2,68,-7,-2,0,14,58,1029,5,10,124,8,0,0
6,6,6.5,1,60,-4,1,3,21,59,1018,6,8,122,11,0,1
6,6,9.6,2,53,0,2,3,7,83,1012,6,10,113,4,0,1
6,6,9.5,2,45,-2,0,2,13,73,1007,6,10,159,7,1,0
3,3,6.5,1,38,-1,0,2,14,84,1007,3,8,256,9,1,1
2,2,4.8,1,36,-2,-3,1,17,85,1012,2,8,131,11,0,1
1,1,6.3,1,29,-3,-4,-1,12,87,1018,1,7,297,8,1,1
0,0,8.7,2,22,-6,-5,-4,8,86,1029,0,10,136,5,0,0
-1,-1,8.7,2,15,-9,-9,-6,13,77,1034,-1,10,104,7,0,0
-4,-4,8.7,2,7,-13,-11,-8,10,70,1028,-4,10,160,5,0,0
-4,-4,8.7,2,0,-13,-12,-9,11,75,1029,-4,10,112,6,0,0
-3,-3,8.7,2,0,-12,-10,-7,9,71,1030,-3,10,114,5,0,0
-1,-1,8.7,2,0,-8,-7,-6,8,81,1033,-1,10,191,4,0,0
1,1,6.9,2,7,-6,-8,-4,20,81,1035,1,10,123,11,0,0
-1,-1,6.9,2,14,-7,-6,-4,11,79,1029,-1,10,184,5,0,0
1,1,3.4,1,21,-5,-6,-2,18,84,1028,1,10,96,11,1,0
2,2,8.7,2,29,-3,-4,0,24,82,1023,2,9,235,14,0,1
2,2,8.7,2,36,-7,-6,-2,24,68,1033,2,10,108,13,1,0
3,3,6.9,2,43,-6,-6,-1,37,66,1026,3,10,133,19,0,0
4,4,6.9,2,51,-3,-2,1,20,77,1023,4,10,123,10,0,1
6,6,6.9,2,58,-2,0,3,26,71,1022,6,10,119,13,0,1
6,6,6.9,2,65,1,2,3,12,82,1019,6,10,125,7,0,1
5,5,5.1,1,72,1,0,4,27,82,1020,5,9,134,14,0,1
6,6,8.7,2,80,0,2,3,10,80,1027,6,10,204,5,1,1
7,7,6.9,2,87,-2,1,4,25,65,1022,7,10,120,13,1,0
4,4,6.9,2,94,-3,-1,1,13,74,1020,4,10,306,9,0,1
1,1,6.9,2,100,-7,-4,-2,11,69,1029,1,10,194,7,1,0
2,2,3.4,1,100,-6,-4,0,24,64,1025,2,9,125,15,1,1
4,4,8.7,1,84,0,-1,2,16,87,1019,4,9,124,10,1,1
3,3,8.7,2,77,-2,-3,1,18,80,1017,3,9,285,11,1,1
2,2,8.7,2,69,-8,-4,-2,11,65,1024,2,9,156,6,0,1
1,1,8.7,2,62,-5,-6,-2,19,82,1023,1,8,298,13,0,1
-1,-1,8.7,2,55,-10,-8,-4,18,66,1031,-1,10,288,11,0,0
0,0,6.9,1,48,-5,-3,-2,9,76,1029,0,9,89,5,0,1
2,2,8.7,1,40,-3,-4,1,24,79,1018,2,9,243,15,0,1
-1,-1,8.7,2,36,-9,-8,-4,19,66,1027,-1,10,292,11,1,0
-3,-3,8.7,2,26,-11,-8,-6,11,66,1033,-3,10,129,7,1,0
-1,-1,8.7,2,19,-10,-8,-4,20,63,1032,-1,10,132,8,0,0
1,1,8.7,2,11,-8,-7,-3,24,67,1028,1,10,135,11,0,0
2,2,8.7,2,4,-6,-4,-1,26,69,1020,2,10,141,9,0,0
4,4,8.7,1,0,-5,-4,0,26,67,1012,4,10,143,12,1,1
5,5,3.4,1,0,-2,0,4,26,67,1009,5,6,127,15,1,1
3,3,8.7,2,3,-4,-1,2,19,66,1019,3,7,241,10,0,1
4,4,3.4,1,10,-4,-2,2,27,65,1025,4,9,138,14,1,1
6,6,5.2,1,18,0,2,5,33,69,1018,6,8,136,16,1,1
8,8,6.9,1,25,1,4,6,14,76,1022,8,9,122,8,1,1
7,7,8.7,2,32,-3,-1,2,19,72,1025,7,10,135,11,1,0
5,5,8.7,2,39,-5,-3,1,15,69,1026,5,10,148,9,0,0
3,3,8.7,2,47,-6,-2,0,9,66,1026,3,10,146,8,0,0
3,3,8.7,2,54,-8,-3,-1,11,63,1025,3,10,153,7,0,0
1,1,3.4,1,61,-5,-3,-1,10,73,1021,1,8,150,8,0,1
5,5,5.2,1,69,-2,-2,2,20,78,1018,5,8,128,13,0,1
8,8,7,2,76,2,3,6,30,77,1010,8,8,192,19,0,1
6,6,7,1,83,-1,2,4,17,71,1022,6,9,255,9,1,1
5,5,3.5,1,90,2,1,5,30,81,1024,5,6,115,15,1,1
8,8,3.5,2,98,4,5,7,26,80,1013,8,8,123,14,1,1
4,4,8.7,2,100,-3,-3,2,36,72,1021,4,10,316,21,1,1
3,3,8.7,2,88,-6,-3,0,14,67,1033,3,10,165,7,0,0
5,5,3.5,1,81,-1,0,3,19,76,1027,5,6,224,9,0,1
6,6,8.7,2,73,-1,0,2,15,81,1032,6,9,255,9,1,0
6,6,8.7,2,66,-3,-1,1,16,76,1032,6,10,181,8,1,0
7,7,8.7,2,59,-3,0,2,14,72,1033,7,10,258,6,0,0
8,8,8.7,2,51,-3,1,2,15,70,1026,8,10,213,8,0,0
6,6,5.3,1,44,-5,-2,1,19,69,1030,6,10,119,8,0,0
5,5,8.7,2,37,-7,-2,0,11,60,1026,5,10,159,5,0,0
5,5,5.3,1,30,-7,-2,0,12,60,1021,5,10,145,7,0,0
7,7,8.7,2,26,-4,0,2,15,66,1019,7,10,142,8,0,0
8,8,8.7,2,8,-2,0,3,27,66,1012,8,10,142,14,0,0
9,9,6.5,2,1,2,3,6,26,78,1008,9,8,142,12,0,1
9,9,5,2,0,2,4,6,15,76,1001,9,7,175,10,1,1
8,8,5.2,2,0,1,3,6,32,70,999,8,8,129,20,0,1
1,1,10.4,1,0,-4,-4,0,16,75,1004,1,10,305,11,1,1
-2,-2,10.5,1,7,-10,-10,-4,29,63,1017,-2,9,307,20,1,1
-3,-3,10.5,2,14,-14,-9,-6,14,51,1030,-3,10,110,9,0,0
1,1,8.4,1,22,-10,-7,-2,23,57,1023,1,11,147,16,0,1
3,3,5.3,1,29,-5,-4,1,30,64,1013,3,13,138,21,0,1
1,1,8.4,1,37,-7,-5,-1,17,67,1012,1,9,291,10,0,1
2,2,5.3,1,44,-5,-4,0,22,67,1015,2,6,156,14,1,1
3,3,6.9,1,52,-5,-3,2,37,59,1017,3,10,129,21,1,1
3,3,5.3,1,60,0,-1,3,31,82,1006,3,5,119,20,1,1
7,7,5.3,2,67,3,2,5,30,85,997,7,7,125,18,1,1
5,5,6.9,1,75,-2,1,4,19,68,1005,5,9,221,12,0,1
3,3,5.4,1,82,-4,-3,1,11,74,1014,3,10,191,10,1,1
2,2,5.4,1,90,-4,-3,0,14,80,1018,2,11,305,10,1,1
1,1,10.8,2,97,-7,-6,-2,20,72,1025,1,11,309,13,1,0
0,0,10.1,1,100,-9,-8,-4,13,68,1024,0,10,248,8,0,1
1,1,5.4,1,88,-4,-4,-1,10,81,1011,1,3,232,9,0,1
0,0,5.4,1,80,-7,-7,-3,10,76,1015,0,4,275,9,1,1
0,0,10.9,2,73,-9,-8,-4,11,71,1021,0,11,119,7,1,0
1,1,5.5,1,65,-5,-5,0,22,73,1022,1,13,138,12,0,1
3,3,5.5,1,57,-1,-2,2,26,81,1017,3,4,132,14,1,1
6,6,5.5,1,50,0,0,4,25,81,1011,6,8,134,15,1,1
5,5,5.5,1,42,2,1,4,11,80,1015,5,5,345,12,1,1
6,6,5.5,1,35,2,2,4,18,84,1022,6,7,130,10,0,1
7,7,10.1,1,27,2,2,5,18,86,1022,7,9,293,10,0,1
7,7,10.1,1,26,1,2,5,9,77,1020,7,10,198,11,1,1
7,7,11.2,3,19,2,3,5,10,78,1013,7,10,173,14,0,1
7,7,11.2,2,12,1,2,5,8,78,1015,7,10,302,11,0,0
4,4,11.2,2,4,-7,-3,0,13,60,1024,4,10,147,10,0,0
6,6,10.1,1,0,-4,-2,2,22,63,1020,6,10,147,15,0,1
8,8,5.6,2,0,2,1,5,27,82,1006,8,8,136,17,0,1
6,6,10.1,2,3,-1,2,5,18,67,1010,6,9,250,12,0,1
2,2,10.1,1,10,-8,-3,0,19,55,1012,2,10,314,13,0,0
2,2,5.7,1,17,-8,-3,-1,11,60,1016,2,8,136,8,1,1
3,3,11.4,2,24,-6,-3,-1,10,63,1021,3,9,243,7,1,1
5,5,11.4,2,32,-6,-1,1,9,59,1025,5,10,146,5,0,0
6,6,7.2,1,39,-4,-1,3,31,65,1013,6,7,190,18,0,1
4,4,11.5,2,46,-6,-6,0,34,66,1019,4,9,322,24,0,1
5,5,11.6,2,54,-9,-3,0,14,53,1031,5,10,238,10,1,0
8,8,11.6,2,61,-7,1,3,11,49,1031,8,10,193,6,1,0
11,11,11.6,3,68,-3,4,6,14,57,1028,11,11,141,8,0,0
12,12,11.6,3,75,-1,5,7,12,59,1026,12,20,191,6,0,0
12,12,11.6,3,83,0,6,7,9,61,1025,12,20,145,6,0,0
13,13,11.6,3,90,-1,6,8,18,57,1023,13,10,126,10,0,0
16,16,11.6,3,97,-3,7,9,22,49,1019,16,10,122,13,0,0
12,12,10.2,2,100,-3,7,8,12,44,1014,12,10,230,6,0,1
13,13,8.9,3,88,3,9,10,11,62,1013,13,10,235,7,0,1
13,13,7.6,2,81,4,8,9,12,70,1016,13,9,135,8,1,1
8,8,7.6,2,74,2,5,7,11,75,1020,8,8,274,8,1,1
14,14,11.6,3,66,-1,4,7,30,59,1022,14,10,119,19,0,0
12,12,7.6,2,59,2,7,9,13,63,1015,12,9,226,8,0,1
14,14,6.3,3,52,5,7,9,19,76,1012,14,7,137,13,1,1
10,10,9,2,45,2,7,8,13,66,1017,10,15,277,9,0,1
11,11,9,2,37,1,6,7,11,68,1023,11,16,317,9,0,1
10,10,7.7,2,30,2,7,7,7,68,1027,10,17,221,5,0,1
13,13,11.6,3,26,-1,6,8,11,55,1025,13,10,197,7,0,0
15,15,9,3,9,-1,9,10,17,51,1018,15,10,119,10,0,1
12,12,7.7,2,1,3,7,8,12,69,1010,12,10,142,8,0,1
14,14,9,3,0,4,9,10,11,72,1011,14,8,244,8,1,1
15,15,6.5,3,0,3,10,11,18,61,1013,15,9,150,12,1,1
14,14,6.5,3,0,4,10,11,11,62,1009,14,7,233,7,1,1
11,11,6.5,2,6,2,7,8,12,65,1014,11,9,159,8,0,1
9,9,6.5,2,14,7,6,8,20,82,1017,9,7,114,13,1,1
14,14,6.5,3,21,8,10,11,20,82,1017,14,6,138,13,1,1
9,9,6.5,2,29,3,5,8,33,71,1014,9,9,305,24,1,1
10,10,11.6,3,36,-1,1,6,38,64,1020,10,10,315,29,1,1
10,10,7.8,2,44,0,4,6,21,69,1016,10,9,236,14,1,1
10,10,9.1,2,52,0,4,6,17,68,1013,10,10,315,12,1,1
12,12,11.6,3,59,0,6,7,11,61,1014,12,9,161,7,1,1
10,10,6.6,2,67,1,6,8,14,66,1010,10,9,293,11,1,1
12,12,9.1,2,74,0,6,7,9,59,1008,12,8,132,7,1,1
13,13,7.9,2,82,3,7,9,17,70,1010,13,9,298,13,1,1
15,15,11.6,4,89,2,9,10,15,60,1022,15,10,321,11,1,0
19,19,11.6,4,97,4,12,13,11,57,1024,19,10,230,7,1,0
25,25,11.6,5,100,5,17,18,22,45,1014,25,10,145,14,0,0
17,17,6.9,4,88,9,14,15,18,72,1006,17,7,306,11,0,1
17,17,11.6,4,81,5,9,11,31,65,1014,17,9,314,25,1,1
18,18,11.6,4,73,4,10,12,17,58,1021,18,10,305,12,0,0
19,19,11.6,5,65,5,14,14,17,54,1019,19,10,314,12,0,0
18,18,11.6,5,58,5,14,14,18,58,1017,18,10,315,12,0,0
18,18,11.6,4,50,-1,12,13,6,40,1018,18,10,175,4,0,1
16,16,10.4,3,43,3,13,14,22,50,1013,16,10,312,15,0,1
16,16,11.6,4,35,-2,10,11,21,43,1013,16,10,209,13,0,0
10,10,11.6,3,28,-6,2,6,27,45,1018,10,10,306,21,0,0
10,10,11.6,3,20,-6,5,6,15,42,1016,10,10,255,10,0,0
9,9,9.3,2,13,-5,2,5,24,48,1014,9,10,312,16,0,1
10,10,11.6,3,12,-8,4,6,14,39,1019,10,10,263,8,0,0
14,14,11.6,3,5,-6,7,9,19,35,1015,14,10,301,12,0,0
17,17,11.6,4,0,-2,11,12,11,39,1015,17,10,224,7,0,0
19,19,11.6,5,0,0,14,14,15,38,1011,19,10,228,9,0,0
20,20,11.6,5,2,3,15,16,15,43,1007,20,10,228,9,0,0
20,20,11.6,5,9,5,14,15,20,52,1009,20,10,302,13,0,0
20,20,11.6,5,17,3,13,14,31,49,1011,20,10,314,21,0,0
19,19,11.6,5,24,2,14,15,27,46,1015,19,10,325,17,0,0
15,15,8.3,3,31,2,11,12,14,51,1014,15,9,213,8,0,1
18,18,11.6,4,39,0,12,13,14,42,1015,18,10,216,8,0,0
22,22,11.6,5,46,2,16,16,13,40,1013,22,10,225,8,0,0
25,25,14.5,6,53,2,19,19,14,33,1010,25,10,234,8,0,0
24,24,13.4,4,60,3,19,19,12,36,1009,24,10,246,7,0,1
24,24,14.5,6,68,3,20,20,13,36,1010,24,10,240,8,0,1
17,17,9.3,3,75,6,15,15,13,57,1008,17,8,67,8,0,1
14,14,9.3,3,82,8,11,12,17,78,1001,14,7,300,12,1,1
10,10,10.3,2,89,5,7,9,22,77,1006,10,8,291,15,1,1
15,15,14.5,4,97,3,9,11,12,63,1010,15,10,273,9,0,1
13,13,10.4,3,100,5,10,11,13,65,1002,13,7,176,9,1,1
10,10,10.4,2,89,7,8,9,9,84,1002,10,8,213,7,1,1
12,12,11.4,2,81,5,8,10,14,74,1002,12,8,295,10,1,1
14,14,11.4,3,74,5,9,10,14,71,1006,14,10,242,9,0,1
15,15,12.4,3,67,4,10,11,17,60,1009,15,9,316,11,1,1
16,16,10.4,3,60,5,12,13,12,65,1010,16,9,236,8,0,1
13,13,11.4,3,52,6,10,10,10,72,1009,13,9,247,6,0,1
18,18,10.4,3,45,6,13,14,14,58,1005,18,10,131,8,0,1
20,20,13.5,5,38,6,14,15,29,56,1007,20,10,311,20,1,1
20,20,13.5,4,31,8,13,15,25,63,1010,20,10,308,17,0,1
20,20,9.4,4,23,10,16,16,7,66,1012,20,10,267,5,1,1
23,23,11.5,4,16,8,17,18,12,53,1012,23,10,183,7,0,1
22,22,11.5,4,12,9,17,18,9,58,1015,22,10,222,5,0,1
24,24,12.5,4,0,9,19,20,10,53,1013,24,10,212,6,0,1
24,24,12.5,5,0,10,20,20,13,54,1010,24,9,221,8,0,1
25,25,11.5,5,0,10,20,21,16,52,1011,25,9,244,10,0,1
25,25,14.5,6,6,8,20,20,15,46,1014,25,10,309,10,0,0
26,26,14.5,6,13,3,20,20,11,34,1013,26,10,214,6,0,0
24,24,14.5,5,21,7,19,20,19,51,1007,24,10,300,13,0,0
13,13,12.5,3,28,2,9,11,22,58,1014,13,8,304,18,0,1
14,14,14.5,3,36,-1,7,10,18,48,1023,14,11,299,13,1,0
19,19,13.5,4,44,-1,12,14,13,39,1029,19,19,171,9,1,0
23,23,14.5,5,51,0,17,17,14,31,1024,23,10,213,8,1,0
25,25,14.5,6,59,5,19,20,15,39,1021,25,16,301,10,0,0
27,27,14.5,6,66,10,22,22,10,48,1016,27,20,223,6,0,0
27,27,13.5,6,74,11,23,23,15,51,1011,27,18,303,10,0,1
25,25,14.5,6,81,8,21,21,15,48,1010,25,20,303,10,0,0
24,24,14.5,6,89,4,19,20,12,36,1012,24,20,296,9,0,0
25,25,14.5,6,96,6,20,21,14,38,1011,25,20,298,10,0,0
27,27,14.5,6,100,8,22,22,15,44,1012,27,20,276,10,0,0
26,26,14.5,6,89,8,21,21,19,46,1014,26,19,303,14,0,0
21,21,14.5,5,81,2,17,18,22,37,1013,21,10,307,15,0,0
16,16,12.5,3,73,-1,11,12,26,41,1013,16,10,305,20,0,1
16,16,13.5,3,66,1,10,12,18,50,1015,16,10,302,14,0,0
19,19,14.5,4,58,3,12,13,17,50,1018,19,10,300,12,0,0
21,21,14.5,5,51,3,17,18,16,40,1014,21,10,296,11,0,0
21,21,14.5,5,43,3,15,15,12,43,1012,21,10,304,8,0,0
24,24,14.5,5,36,5,19,19,13,40,1008,24,10,272,8,0,0
26,26,14.5,6,28,4,19,19,15,42,1008,26,10,210,10,0,0
23,23,12.5,4,21,0,19,19,14,30,1012,23,10,258,10,1,0
21,21,11.5,4,13,1,17,18,12,32,1015,21,10,281,8,1,0
26,26,14.5,6,6,2,19,19,12,34,1016,26,10,205,7,1,0
29,29,12.5,5,0,3,22,22,14,30,1015,29,10,291,10,0,0
28,28,13.5,5,0,4,22,22,8,34,1013,28,10,273,5,0,0
25,25,14.5,6,0,7,20,21,20,46,1012,25,10,309,14,0,0
23,23,14.5,5,2,4,18,18,18,42,1012,23,10,309,13,1,0
23,23,14.5,5,9,4,17,18,11,43,1014,23,10,290,8,0,0
27,27,14.5,6,16,4,22,22,11,32,1016,27,10,179,7,0,0
32,32,13.5,7,24,3,24,24,17,24,1013,32,10,216,11,0,1
26,26,14.5,6,31,5,21,22,13,37,1010,26,10,303,9,0,1
25,25,12.5,4,38,3,19,20,10,35,1010,25,10,264,7,0,1
26,26,14.5,6,45,4,19,20,8,36,1015,26,10,301,5,0,0
31,31,14.5,7,53,4,25,25,16,24,1015,31,10,192,9,0,0
31,31,14.5,7,60,8,26,26,13,34,1014,31,10,301,9,1,0
32,32,13.5,7,67,10,26,26,10,41,1012,32,10,247,7,0,1
34,34,13.5,6,74,10,26,26,12,38,1010,34,10,242,7,0,1
31,31,14.5,7,82,10,25,25,12,39,1012,31,10,274,9,0,1
28,28,14.5,6,89,7,23,23,18,36,1013,28,10,299,12,0,0
25,25,14.5,6,96,8,20,21,16,47,1012,25,10,302,11,0,0
28,28,14.5,6,100,5,22,22,13,35,1010,28,10,245,9,1,0
26,26,14.5,6,89,7,21,22,17,41,1010,26,10,284,12,0,0
24,24,14.5,5,82,-1,18,19,20,30,1012,24,10,310,14,0,0
28,28,14.5,6,75,-2,20,20,14,24,1014,28,10,306,10,0,0
31,31,14.5,6,67,0,22,22,7,24,1014,31,10,265,4,0,0
34,34,12.4,6,60,4,27,27,10,23,1012,34,10,277,6,0,1
32,32,11.4,6,53,7,27,27,10,28,1014,32,10,242,6,0,1
28,28,14.5,6,46,6,25,25,20,37,1017,28,10,314,14,0,1
31,31,14.5,6,38,-4,23,23,11,16,1016,31,10,304,8,0,0
31,31,14.5,7,31,1,25,25,8,22,1015,31,10,291,5,0,1
31,31,14.5,7,24,7,25,25,17,32,1017,31,10,284,11,0,0
31,31,14.5,7,16,5,24,24,11,30,1017,31,10,296,7,0,0
33,33,12.4,6,9,6,26,26,16,28,1011,33,10,244,10,0,1
33,33,14.5,7,2,7,26,26,15,32,1010,33,10,222,10,0,1
33,33,14.5,7,0,2,26,26,11,22,1011,33,10,271,7,0,0
33,33,14.5,7,0,3,25,25,8,24,1012,33,10,200,6,0,0
34,34,14.5,7,5,5,27,27,15,25,1014,34,10,250,10,0,0
33,33,14.5,7,12,5,25,25,12,31,1014,33,10,285,8,0,0
35,35,10.2,6,20,2,27,27,11,21,1013,35,10,260,7,0,0
35,35,12.4,6,27,4,27,27,9,24,1013,35,10,228,6,0,0
35,35,14.5,8,34,3,28,28,13,20,1012,35,10,249,9,0,0
37,37,13.4,8,42,4,29,29,16,21,1011,37,10,219,11,0,1
29,29,9.3,6,49,7,25,25,16,30,1012,29,10,179,10,0,1
30,30,10.5,6,56,8,25,25,19,37,1010,30,10,163,13,0,1
26,26,7.1,5,63,9,21,22,15,47,1011,26,10,290,10,0,1
24,24,11.6,6,71,6,20,20,17,45,1014,24,10,272,13,0,1
25,25,11.6,6,78,4,19,20,11,38,1018,25,10,284,7,1,0
29,29,10.5,5,85,0,22,22,14,23,1017,29,10,224,8,1,0
31,31,11.6,7,92,3,25,25,14,26,1017,31,10,290,9,0,0
29,29,11.6,6,100,4,23,23,17,30,1016,29,10,305,12,0,0
27,27,11.6,6,100,3,22,22,15,32,1013,27,10,295,10,0,0
27,27,11.6,6,86,2,21,21,13,29,1010,27,10,294,9,0,0
31,31,11.6,6,78,2,23,23,12,27,1008,31,10,215,7,0,0
32,32,11.6,7,71,3,25,25,15,23,1009,32,10,302,9,0,0
34,34,11.6,7,64,2,25,25,12,23,1011,34,10,282,7,0,0
33,33,11.6,7,57,2,27,27,9,21,1010,33,10,252,6,0,0
25,25,11.6,6,49,7,21,22,25,43,1010,25,10,302,19,0,0
27,27,11.6,6,42,4,20,20,11,40,1012,27,10,282,7,1,0
32,32,11.6,7,35,-1,26,26,18,18,1010,32,10,213,12,0,0
27,27,11.6,6,28,3,21,21,21,33,1013,27,10,304,14,0,0
26,26,11.6,6,20,0,19,20,15,31,1018,26,10,306,10,0,0
28,28,11.6,6,13,-1,20,21,8,25,1016,28,10,233,5,0,0
33,33,11.6,7,6,-2,25,25,11,19,1013,33,10,200,7,0,0
33,33,11.6,7,0,-2,27,27,17,16,1011,33,10,221,11,0,0
32,32,11.6,7,0,8,25,25,13,34,1014,32,10,296,9,0,0
33,33,11.6,7,0,7,27,27,10,31,1013,33,10,212,6,0,0
33,33,11.6,7,9,2,25,25,14,23,1012,33,10,253,9,0,0
32,32,11.6,7,16,3,25,25,11,25,1014,32,10,277,7,0,0
33,33,11.6,7,24,2,26,26,13,23,1014,33,10,188,8,0,0
32,32,11.6,7,32,4,26,26,10,26,1013,32,10,277,6,0,0
33,33,11.6,7,39,6,27,27,17,27,1014,33,10,167,10,0,1
29,29,11.6,6,47,12,24,24,11,53,1017,29,10,173,8,0,1
30,30,7.8,5,54,7,22,22,7,39,1014,30,10,157,4,0,0
22,22,7.7,4,62,8,19,20,15,49,1009,22,9,41,11,0,1
21,21,11.6,5,69,6,17,17,7,53,1012,21,10,263,5,0,1
24,24,11.6,5,77,2,18,18,13,37,1010,24,10,318,9,1,0
23,23,11.6,5,84,3,16,17,15,42,1016,23,10,303,11,1,0
22,22,11.6,5,92,2,17,17,6,40,1022,22,10,226,4,1,0
27,27,11.6,6,99,-1,21,21,17,24,1018,27,10,189,10,0,0
29,29,11.6,6,100,-1,22,22,11,23,1014,29,10,170,7,0,0
0,0,11.6,2,85,-11,24,23,32,9,1003,0,10,0,15,1,0
23,23,11.6,3,78,-2,19,20,16,29,1006,23,10,271,10,0,0
18,18,8.9,3,70,3,12,13,12,54,1013,18,10,202,9,0,1
12,12,8.9,3,63,4,11,12,11,56,1012,12,8,334,7,1,1
16,16,8.8,3,55,5,11,12,12,65,1012,16,10,293,8,1,1
16,16,11.6,4,48,4,10,12,21,60,1013,16,10,307,15,1,1
19,19,11.6,4,40,5,14,14,11,58,1018,19,10,309,8,0,0
22,22,11.6,5,33,3,16,17,15,43,1014,22,10,149,9,0,0
20,20,11.6,5,25,6,16,16,16,55,1017,20,10,306,11,0,0
22,22,11.6,5,18,5,18,18,11,45,1019,22,10,311,8,1,0
20,20,11.6,5,10,-1,16,16,18,35,1017,20,10,306,12,0,0
23,23,11.6,5,2,0,17,17,14,33,1011,23,10,236,8,0,0
18,18,11.6,4,0,3,14,15,16,55,1009,18,9,317,11,0,1
12,12,11.6,3,0,-3,8,10,19,43,1003,12,10,304,13,0,0
8,8,11.6,2,0,-4,2,4,16,57,1008,8,10,289,11,1,0
11,11,10.2,2,5,-8,5,6,12,37,1014,11,10,222,7,1,0
11,11,11.6,3,12,-6,5,7,17,43,1018,11,10,309,11,0,0
11,11,11.6,3,19,-6,5,6,10,45,1020,11,10,164,6,0,0
15,15,10.2,3,27,-7,9,10,14,30,1015,15,10,186,8,0,0
11,11,8.7,2,34,-2,7,9,17,50,1017,11,9,294,13,0,1
13,13,11.6,3,41,-3,7,8,14,48,1025,13,10,236,9,1,0
15,15,11.6,3,48,-5,8,9,12,42,1028,15,10,148,7,1,0
17,17,11.6,4,56,-9,11,12,10,26,1020,17,10,188,5,0,0
17,17,10.2,3,63,-4,13,14,28,32,1009,17,10,246,16,0,0
6,6,11.6,2,70,-7,-1,4,32,50,1019,6,10,308,23,0,0
5,5,11.6,2,77,-10,-2,0,12,48,1031,5,10,290,7,1,0
11,11,11.6,3,85,-13,3,5,13,31,1027,11,10,161,8,0,0
13,13,11.5,3,92,-13,6,7,9,25,1018,13,10,212,5,0,0
16,16,11.5,4,99,-11,9,10,9,24,1012,16,10,188,5,0,0
15,15,11.5,4,100,-7,9,10,9,33,1014,15,10,232,6,0,0
19,19,11.4,4,86,-3,12,12,11,37,1019,19,10,142,6,0,0
23,23,10.1,4,79,-8,15,16,23,19,1013,23,10,156,13,0,0
13,13,5.3,3,72,-2,10,12,19,43,1007,13,10,225,12,0,1
11,11,6.9,2,64,-2,6,7,16,55,1014,11,9,279,11,1,1
9,9,6.8,2,57,-2,3,7,36,55,1011,9,8,244,22,1,1
8,8,10,1,50,-2,1,4,17,64,1019,8,9,236,11,1,1
10,10,10.5,3,43,0,4,6,14,70,1022,10,10,331,9,1,1
0,0,8.4,2,35,4,8,8,8,72,1024,0,10,0,4,1,0
12,12,10.4,3,28,-3,7,9,21,46,1026,12,10,329,13,0,0
11,11,10.4,3,21,-7,6,6,9,40,1030,11,10,227,5,0,0
17,17,10.4,4,13,-7,9,10,15,30,1023,17,10,158,8,0,0
8,8,10.3,3,6,-7,3,6,33,39,1018,8,10,321,22,0,0
5,5,10.3,2,0,-14,-1,2,13,33,1028,5,10,106,9,0,0
4,4,10,1,0,-14,-2,0,10,35,1022,4,10,171,5,0,0
-1,-1,8.4,1,1,-16,-7,-3,16,41,1029,-1,10,191,10,0,1
0,0,10.2,2,8,-19,-8,-4,14,32,1035,0,10,155,8,0,0
3,3,10.2,2,12,-17,-4,-2,12,30,1030,3,10,212,7,0,0
5,5,10.2,2,24,-15,-2,0,11,31,1032,5,10,161,7,0,0
8,8,10.1,2,31,-11,1,2,9,41,1028,8,10,179,5,0,0
9,9,10.1,2,39,-9,3,4,8,39,1020,9,10,227,4,0,0
12,12,10.1,3,46,-5,5,6,8,48,1020,12,10,231,4,0,0
14,14,10,2,54,-2,8,8,8,49,1020,14,10,205,4,0,0
13,13,10,3,61,-3,7,8,11,49,1020,13,10,314,6,0,0
12,12,10,3,69,-4,6,7,10,49,1025,12,10,180,5,0,0
14,14,10,3,76,-6,7,7,7,40,1025,14,10,186,4,0,0
13,13,10,3,84,-6,7,7,7,40,1022,13,10,225,4,0,0
13,13,9.9,3,91,-3,8,9,13,45,1020,13,10,315,7,0,0
10,10,9.9,3,99,-2,4,6,14,62,1027,10,10,159,8,0,0
11,11,9.9,2,100,-7,5,6,12,39,1022,11,10,178,6,0,0
11,11,9.9,3,86,-3,6,6,7,53,1019,11,10,227,4,0,0
12,12,9.8,2,78,-1,6,7,10,57,1019,12,10,154,5,1,0
12,12,9.8,3,71,-2,8,8,7,51,1018,12,10,211,4,0,0
9,9,9.8,3,63,-1,4,6,14,60,1025,9,10,308,8,0,0
12,12,9.8,3,56,-4,7,7,6,47,1024,12,10,162,3,1,0
15,15,9.8,3,48,0,8,9,13,57,1017,15,10,139,7,0,0
10,10,8.2,2,41,1,7,8,16,62,1007,10,10,261,8,0,1
8,8,9.7,2,33,-2,1,4,17,67,1011,8,10,309,10,1,0
5,5,9.7,1,26,-4,0,1,5,68,1016,5,10,222,3,1,0
7,7,9.7,2,18,-7,2,2,7,53,1022,7,10,241,4,0,0
8,8,9.6,2,10,-6,2,3,8,55,1026,8,10,146,4,0,0
7,7,6.5,1,3,-5,3,4,12,54,1021,7,10,239,6,0,0
2,2,8.2,1,0,-7,-4,-1,19,64,1017,2,9,319,11,0,1
0,0,9.6,2,0,-9,-6,-3,17,64,1014,0,10,225,9,0,0
4,4,6.5,1,0,-6,-3,1,26,61,999,4,9,112,16,1,1
0,0,9.6,2,4,-6,-3,-2,5,75,1007,0,10,200,3,0,1
-3,-3,6.5,1,12,-6,-8,-4,15,85,1007,-3,6,306,10,0,1
-1,-1,9.5,2,20,-8,-7,-5,9,82,1023,-1,9,148,5,0,1
-3,-3,4.8,1,26,-7,-9,-4,19,81,1024,-3,5,156,11,0,1
1,1,4.8,1,33,0,-1,0,7,98,1024,1,3,178,5,0,1
2,2,6.3,1,41,0,0,1,7,96,1026,2,4,154,4,0,0
4,4,8.7,1,48,0,0,1,9,88,1019,4,9,159,5,0,0
2,2,5.2,1,55,-1,-1,0,10,90,1021,2,7,129,5,0,0
5,5,5.2,1,62,-3,-2,0,12,77,1025,5,10,139,7,0,0
6,6,5.2,1,70,0,0,3,23,80,1017,6,8,125,13,0,1
6,6,3.4,1,77,2,2,4,16,85,1014,6,7,282,9,0,1
3,3,8.7,2,84,-3,-2,1,12,78,1024,3,9,324,8,1,1
4,4,8.7,2,92,-6,-2,0,12,63,1026,4,10,126,6,0,0
3,3,5.2,1,99,-1,-1,1,16,82,1022,3,9,114,9,0,1
7,7,3.4,1,100,2,2,4,15,87,1018,7,9,232,10,1,1
2,2,3.4,1,87,0,0,2,12,86,1022,2,8,147,7,1,1
2,2,6.9,1,79,-2,-2,0,13,84,1016,2,6,311,9,1,1
0,0,8.7,2,72,-7,-3,-3,1,73,1027,0,10,0,0,1,0
-1,-1,8.7,2,65,-8,-4,-3,5,72,1034,-1,10,169,3,0,1
-2,-2,6.9,1,58,-12,-9,-4,22,56,1036,-2,10,152,13,0,0
-3,-3,8.7,2,50,-12,-8,-5,14,55,1025,-3,10,153,9,0,0
1,1,5.1,1,43,-6,-4,-1,23,65,1022,1,8,129,13,0,1
6,6,6.9,1,36,-2,-1,3,33,69,1025,6,9,134,17,1,1
6,6,3.4,1,28,-4,0,4,37,57,1020,6,10,145,18,1,0
8,8,8.7,1,21,-4,1,4,24,55,1012,8,10,138,12,1,0
5,5,8.7,2,14,-4,2,3,12,58,1013,5,10,222,6,1,0
2,2,6.9,1,7,-1,-1,0,9,89,1011,2,5,295,5,1,1
-1,-1,8.7,2,0,-7,-4,-3,8,74,1015,-1,9,195,4,1,1
-2,-2,6.9,1,0,-6,-5,-3,7,82,1024,-2,8,144,4,0,1
-3,-3,8.7,1,0,-8,-6,-4,8,79,1025,-3,10,217,5,0,0
-2,-2,8.7,2,8,-8,-6,-4,7,75,1027,-2,10,218,4,0,0
-3,-3,3.4,1,15,-7,-8,-4,14,80,1023,-3,7,160,9,0,1
-3,-3,3.4,1,22,-6,-6,-4,9,85,1028,-3,6,190,6,0,1
-1,-1,3.4,1,26,-5,-6,-3,13,83,1027,-1,6,143,8,0,1
5,5,3.4,1,37,0,-2,2,28,84,1012,5,7,279,16,0,1
3,3,6.9,1,44,-3,-1,1,13,76,1019,3,10,310,8,1,1
5,5,8.7,2,51,-2,0,3,15,72,1026,5,10,113,8,1,0
4,4,5.2,1,59,-6,-1,2,28,56,1027,4,10,261,15,0,1
1,1,3.4,1,66,-5,-3,-1,12,73,1032,1,6,181,7,0,1
0,0,5.2,1,73,-3,-3,-1,15,84,1034,0,7,99,8,1,1
5,5,6.9,1,80,-2,-1,2,22,74,1024,5,9,130,11,1,1
3,3,3.4,1,88,-2,-1,2,22,76,1013,3,9,239,12,1,1
0,0,6.9,1,95,-5,-5,-1,18,79,1017,0,8,309,11,1,1
-1,-1,5.2,1,100,-8,-8,-4,22,73,1027,-1,9,119,12,1,1
0,0,5.2,1,100,-4,-7,-2,24,88,1017,0,4,201,15,0,1
1,1,3.4,1,83,-2,-4,-1,16,91,1015,1,4,136,12,1,1
-1,-1,3.4,1,76,-6,-8,-3,22,84,1015,-1,5,201,12,1,1
-2,-2,3.4,1,69,-5,-6,-3,14,89,1014,-2,4,225,8,1,1
-2,-2,6.9,1,61,-10,-11,-6,26,74,1025,-2,9,116,13,1,1
2,2,5.2,1,54,-3,-4,0,23,83,1011,2,9,130,12,1,1
-2,-2,8.7,2,47,-6,-7,-3,18,80,1021,-2,7,269,10,1,1
0,0,7,1,40,-6,-5,-2,15,78,1033,0,10,137,8,1,0
1,1,8.7,2,32,-5,-4,-2,11,77,1035,1,10,157,7,1,0
1,1,3.5,1,25,-4,-4,-1,12,77,1025,1,10,193,7,1,1
3,3,3.5,1,18,-2,-1,1,15,80,1017,3,8,122,8,0,1
2,2,5.2,1,11,-1,-1,1,8,89,1023,2,8,110,5,0,1
7,7,5.2,1,3,3,2,4,12,90,1025,7,7,106,8,1,1
5,5,3.5,1,0,2,1,3,14,91,1020,5,7,175,8,1,1
3,3,5.2,1,0,0,0,2,14,83,1023,3,9,110,8,1,0
4,4,3.5,1,4,1,0,2,17,91,1019,4,8,181,9,1,1
4,4,5.3,1,11,-1,0,2,12,83,1025,4,8,162,6,1,1
5,5,3.5,1,18,0,0,3,18,82,1022,5,8,173,11,1,1
3,3,8.7,2,26,-2,0,1,8,81,1027,3,10,191,5,1,1
4,4,7,1,33,0,0,2,10,89,1028,4,7,242,6,1,1
6,6,7,1,37,0,1,4,17,76,1030,6,10,119,10,1,1
8,8,8.7,3,49,0,2,5,24,71,1026,8,10,125,12,1,0
3,3,5.3,1,57,-4,-4,1,30,72,1016,3,8,309,19,0,1
0,0,10,2,64,-14,-10,-3,40,44,1020,0,10,325,29,1,0
-3,-3,10.4,2,72,-12,-8,-4,13,53,1030,-3,10,323,9,1,0
-2,-2,5.2,1,79,-4,-5,-3,8,89,1022,-2,4,178,5,1,1
2,2,6.8,1,87,2,-1,2,21,98,1015,2,8,286,10,1,1
9,9,6.8,2,95,3,2,5,24,85,1017,9,8,300,15,1,1
4,4,6.8,1,100,-2,-1,3,23,70,1017,4,10,298,17,1,1
3,3,10.6,2,100,-5,-3,-1,12,69,1028,3,10,239,9,1,0
4,4,10.6,2,83,-6,-2,0,13,63,1028,4,10,326,8,1,0
3,3,10.6,2,75,-7,-3,0,12,58,1026,3,10,109,7,0,0
4,4,10.6,2,68,-4,-2,1,15,70,1024,4,10,322,10,0,0
7,7,10.7,2,60,-4,0,3,16,59,1020,7,10,128,10,0,0
4,4,10.7,2,53,-6,-1,2,22,57,1020,4,10,310,13,0,1
4,4,5.4,1,45,-4,0,1,10,66,1023,4,9,139,6,1,1
5,5,5.4,1,38,0,-1,3,23,85,1018,5,6,269,15,0,1
2,2,6.9,1,30,-6,-3,0,12,63,1027,2,9,258,9,1,1
1,1,10.8,2,22,-10,-5,-2,10,54,1031,1,10,171,7,1,0
0,0,10.8,2,15,-11,-6,-3,14,54,1034,0,10,134,9,0,0
2,2,10.1,1,7,-12,-5,-2,13,47,1036,2,10,142,9,0,0
2,2,10.9,2,0,-12,-3,-1,10,45,1030,2,10,148,6,0,0
5,5,10.9,2,0,-8,-1,1,8,51,1024,5,10,208,4,0,0
7,7,10.1,1,0,-4,1,4,23,61,1020,7,10,171,13,0,1
2,2,11,2,0,-7,-4,0,23,59,1031,2,10,316,15,0,1
3,3,11,2,8,-8,-2,0,10,56,1037,3,10,130,7,1,0
4,4,11,2,15,-8,-1,1,10,49,1032,4,10,220,6,0,0
8,8,11.1,2,23,-3,3,3,7,64,1031,8,10,182,4,0,0
9,9,8.6,2,30,-3,3,5,22,55,1025,9,10,144,12,0,0
6,6,8.6,2,38,-4,2,5,19,52,1016,6,10,283,12,0,0
6,6,11.2,2,44,-7,-1,2,19,53,1020,6,10,336,14,1,0
5,5,11.2,2,51,-6,-1,2,14,58,1024,5,10,325,10,1,0
9,9,11.2,3,58,0,5,6,10,69,1022,9,10,180,6,0,0
11,11,11.2,3,65,-2,5,7,19,57,1021,11,10,175,10,0,0
14,14,11.3,3,73,-2,5,8,24,53,1022,14,10,126,13,0,0
14,14,11.3,4,80,0,7,10,30,50,1014,14,10,140,16,0,0
11,11,5.7,2,87,1,7,9,21,57,1007,11,9,173,12,0,1
7,7,10.1,1,95,-2,3,4,8,68,1015,7,10,205,5,1,1
6,6,5.7,1,100,-1,3,5,10,69,1019,6,8,247,6,1,1
9,9,11.4,2,100,-3,3,5,11,59,1025,9,10,120,6,0,0
12,12,11.4,3,84,-2,5,7,22,53,1018,12,10,214,12,0,0
7,7,11.5,2,76,-5,1,4,20,52,1021,7,10,309,13,0,0
10,10,11.6,2,69,-6,3,5,16,47,1011,10,10,133,11,0,0
8,8,6,2,62,-2,3,5,17,62,1007,8,8,116,11,0,1
7,7,6,1,55,3,3,5,12,83,1013,7,8,252,9,1,1
12,12,10.2,2,47,2,6,7,7,68,1015,12,10,162,5,1,1
11,11,6,2,40,3,7,7,8,72,1008,11,8,226,5,0,1
10,10,8.8,2,33,1,5,7,11,69,1010,10,10,329,8,0,1
10,10,11.6,3,25,-1,4,5,9,63,1015,10,10,239,6,0,0
11,11,11.6,3,18,-1,5,7,13,56,1021,11,10,219,8,0,0
13,13,11.6,3,11,1,7,8,10,61,1021,13,10,243,7,0,1
11,11,11.6,3,4,-4,7,7,9,46,1018,11,10,244,5,0,0
12,12,9,2,0,-4,6,8,24,44,1011,12,10,197,15,0,1
7,7,6.3,2,0,-1,3,5,12,64,1014,7,9,241,9,0,1
6,6,6.3,1,3,-5,1,4,14,59,1014,6,8,272,11,1,1
6,6,11.6,2,11,-7,-1,2,14,51,1016,6,10,302,11,1,0
6,6,11.6,2,18,-6,1,3,15,52,1014,6,10,307,10,1,0
10,10,11.6,3,25,-3,5,5,7,57,1018,10,10,236,5,0,0
9,9,6.4,2,32,-1,4,6,13,60,1015,9,9,166,8,0,1
8,8,9,2,40,2,4,7,20,73,1016,8,9,169,13,1,1
8,8,6.4,2,44,1,3,6,25,72,1014,8,8,247,18,1,1
6,6,10.3,1,56,-5,1,3,14,55,1017,6,10,303,10,1,1
5,5,11.6,2,64,-8,0,3,12,49,1021,5,10,293,9,1,0
10,10,11.6,3,71,-8,2,5,15,39,1018,10,10,188,11,1,0
10,10,7.8,2,79,-6,4,6,17,44,1009,10,9,146,11,1,1
13,13,6.5,2,87,2,5,8,18,70,1003,13,10,133,13,0,1
14,14,9.1,2,94,4,9,9,10,71,1006,14,10,226,8,1,1
16,16,11.6,4,100,3,10,11,9,61,1015,16,10,277,6,0,0
16,16,11.6,4,100,2,11,11,11,55,1020,16,10,305,7,0,0
16,16,11.6,4,83,0,10,11,9,47,1016,16,10,277,5,0,0
19,19,11.6,4,76,4,13,14,13,52,1012,19,10,251,8,0,0
15,15,11.6,4,68,2,10,11,29,56,1010,15,10,311,22,0,0
10,10,11.6,3,61,-7,2,5,22,43,1020,10,10,309,17,0,0
7,7,11.6,2,53,-9,0,3,18,42,1025,7,10,312,12,0,0
11,11,11.6,3,46,-7,4,5,9,40,1024,11,10,245,7,0,0
12,12,9.1,2,38,-1,6,8,27,54,1017,12,10,313,19,0,1
11,11,10.4,2,30,-4,5,6,11,52,1022,11,10,206,8,0,1
12,12,11.6,3,23,-6,6,7,14,38,1019,12,10,152,9,0,0
15,15,10.4,3,15,-4,9,10,17,39,1011,15,10,225,10,0,0
14,14,10.4,3,8,2,9,10,14,57,1013,14,10,308,10,0,1
16,16,11.6,4,0,1,11,12,13,50,1015,16,10,226,8,0,0
19,19,11.6,4,0,4,13,14,18,53,1017,19,10,309,13,0,0
18,18,11.6,4,0,5,11,12,12,63,1019,18,10,297,8,0,1
13,13,9.3,3,0,5,9,11,26,69,1019,13,10,307,19,0,1
12,12,8.1,2,7,3,8,9,9,64,1022,12,10,237,7,1,1
17,17,11.6,4,15,4,11,12,12,56,1019,17,10,137,8,0,0
17,17,11.6,4,22,5,13,14,12,61,1016,17,9,228,8,1,1
15,15,9.3,3,30,3,13,13,18,50,1017,15,10,316,12,1,1
18,18,11.6,4,37,4,13,14,10,54,1022,18,10,302,7,0,1
24,24,10.5,4,45,4,17,17,21,43,1017,24,10,141,13,1,1
17,17,8.2,4,52,9,14,15,20,73,1012,17,9,294,13,0,1
18,18,11.6,4,58,3,12,13,9,56,1016,18,10,292,6,0,0
20,20,11.6,5,65,2,14,15,23,42,1013,20,10,173,15,0,1
12,12,11.6,3,72,0,8,10,21,52,1018,12,10,307,17,0,1
15,15,11.6,4,80,-4,9,10,8,38,1023,15,10,172,4,1,0
22,22,11.6,5,87,-3,15,16,23,29,1020,22,10,135,14,1,0
16,16,11.6,4,94,0,13,14,27,39,1019,16,10,311,20,0,0
14,14,11.6,3,100,-3,7,9,13,43,1027,14,10,302,9,0,0
18,18,11.6,4,100,1,12,13,14,47,1021,18,10,223,9,1,0
24,24,11.6,5,84,0,16,16,13,35,1019,24,10,164,8,0,0
24,24,10.5,4,77,1,18,18,10,32,1012,24,10,190,6,0,0
22,22,9.4,4,70,4,18,18,11,41,1005,22,10,223,7,0,1
16,16,9.2,3,62,3,13,14,25,49,1006,16,9,221,19,1,1
11,11,9.3,2,55,3,8,9,10,65,1011,11,9,259,7,1,1
13,13,9.3,3,48,4,10,11,11,63,1014,13,10,195,7,0,1
15,15,14.5,4,40,3,9,11,14,63,1016,15,10,303,11,1,1
19,19,14.5,4,33,3,13,14,19,47,1010,19,10,128,12,1,0
17,17,10.3,3,26,8,13,14,19,68,1006,17,10,248,13,0,1
12,12,10.4,2,19,8,8,10,14,81,1007,12,8,257,10,1,1
12,12,10.4,3,11,6,9,10,12,71,1010,12,9,319,8,1,1
8,8,9.3,2,4,6,4,7,20,92,1012,8,7,240,14,1,1
11,11,11.4,2,0,3,7,8,12,73,1014,11,9,278,9,0,1
11,11,12.4,2,0,1,6,8,18,63,1013,11,10,306,13,0,1
14,14,14.5,3,3,2,7,9,21,62,1015,14,10,305,15,1,0
19,19,14.5,4,10,3,12,13,12,55,1018,19,10,303,9,1,0
21,21,14.5,5,17,4,15,16,9,45,1016,21,10,228,6,0,0
21,21,13.5,4,25,11,16,17,12,67,1015,21,9,306,9,0,1
23,23,14.5,5,32,7,19,19,12,49,1016,23,10,304,8,0,0
27,27,13.5,6,39,4,20,21,9,35,1016,27,10,144,6,0,1
29,29,14.5,7,47,9,24,24,13,40,1012,29,10,251,8,0,1
33,33,12.5,6,54,7,26,26,27,31,1005,33,10,148,15,0,1
19,19,13.5,4,58,8,16,17,16,56,1012,19,9,297,12,0,1
19,19,14.5,5,71,7,17,17,14,51,1014,19,10,304,10,1,0
23,23,14.5,5,79,7,19,19,9,47,1019,23,10,308,6,0,0
24,24,14.5,6,86,7,21,22,12,42,1015,24,10,304,8,0,0
21,21,14.5,5,94,5,18,19,15,44,1012,21,10,314,10,0,0
30,30,14.5,6,100,4,22,22,19,32,1004,30,10,168,12,0,1
15,15,10.5,3,100,8,13,14,15,69,1002,15,8,317,12,0,1
10,10,9.5,2,84,3,6,8,23,69,1008,10,9,299,18,0,1
13,13,13.5,2,76,2,7,9,20,60,1018,13,10,307,16,1,1
14,14,11.5,3,69,1,10,11,12,46,1022,14,10,122,7,1,1
23,23,14.5,5,61,7,17,18,8,53,1020,23,10,237,5,0,1
29,29,14.5,6,54,5,23,23,19,32,1016,29,10,197,11,1,0
28,28,14.5,6,46,6,23,23,14,34,1009,28,10,231,8,0,0
13,13,9.5,3,38,8,11,13,14,73,1008,13,8,210,10,0,1
13,13,10.5,3,31,4,10,11,15,63,1014,13,10,286,10,1,1
15,15,13.5,3,23,4,11,12,20,58,1014,15,9,264,12,1,1
15,15,10.5,3,16,7,11,12,15,71,1012,15,9,295,12,1,1
15,15,12.5,3,8,6,9,11,22,70,1018,15,9,318,17,1,1
20,20,14.5,5,1,7,15,15,13,57,1021,20,10,243,9,1,0
22,22,14.5,5,0,6,17,18,11,48,1016,22,10,235,7,0,0
26,26,13.5,6,0,7,21,22,12,40,1013,26,10,261,7,0,1
23,23,14.5,5,0,10,19,20,16,53,1014,23,10,306,12,0,1
25,25,14.5,6,7,7,19,20,14,45,1017,25,10,300,10,1,0
28,28,14.5,6,14,8,23,23,9,42,1015,28,10,291,6,0,0
32,32,11.5,6,22,9,25,25,15,36,1009,32,10,220,10,0,1
26,26,14.5,6,29,10,21,22,18,50,1011,26,10,297,12,0,1
28,28,14.5,6,37,11,24,24,10,46,1013,28,10,268,6,0,0
28,28,14.5,6,44,9,25,25,15,39,1007,28,10,296,11,0,0
16,16,11.5,3,52,3,14,15,22,45,1003,16,10,293,17,0,1
10,10,10.5,2,59,7,7,9,14,83,1008,10,8,246,11,0,1
18,18,12.5,3,67,7,13,14,9,64,1012,18,10,266,7,1,1
19,19,14.5,4,72,3,14,15,14,45,1010,19,10,278,10,0,0
22,22,14.5,5,79,1,17,17,8,36,1012,22,10,279,5,0,0
29,29,13.5,5,86,3,22,22,16,28,1013,29,10,204,10,0,0
26,26,14.5,6,94,6,21,22,12,36,1015,26,10,286,8,0,0
26,26,14.5,6,100,6,20,21,12,39,1015,26,10,301,8,0,0
28,28,14.5,6,100,3,22,22,10,30,1011,28,10,274,6,0,0
22,22,14.5,5,85,4,19,20,14,38,1010,22,10,294,10,0,0
21,21,14.5,5,77,4,16,17,16,44,1014,21,10,303,11,0,0
27,27,14.5,6,70,3,21,21,8,32,1011,27,10,237,5,1,0
27,27,14.5,6,63,6,22,22,15,36,1015,27,10,317,10,0,0
33,33,14.5,7,55,1,24,24,15,21,1016,33,10,199,9,0,0
28,28,14.5,6,48,5,22,22,14,33,1013,28,10,311,10,0,0
26,26,14.5,6,41,4,20,20,20,38,1013,26,10,304,14,0,0
25,25,14.5,5,34,0,19,19,17,29,1015,25,10,303,11,0,0
27,27,14.5,6,26,1,21,21,14,29,1015,27,10,295,9,0,0
29,29,14.5,6,19,3,23,23,9,28,1013,29,10,295,6,0,0
30,30,14.5,7,12,5,25,25,19,27,1011,30,10,277,12,0,0
28,28,14.5,6,5,4,22,22,18,35,1015,28,10,302,12,0,0
29,29,14.5,6,0,4,23,23,13,29,1014,29,10,303,9,0,0
31,31,14.5,7,0,5,24,24,13,31,1014,31,10,302,9,0,0
34,34,14.5,7,2,6,26,26,11,30,1010,34,10,297,8,0,0
32,32,13.5,7,10,6,28,28,24,26,1007,32,10,158,17,0,1
32,32,11.4,6,17,12,26,26,16,49,1009,32,10,224,12,0,1
30,30,14.5,6,24,9,24,24,11,44,1011,30,10,248,8,0,0
28,28,14.5,6,32,2,22,22,16,28,1013,28,10,301,11,0,0
30,30,14.5,6,39,1,23,23,11,25,1016,30,10,295,7,0,0
33,33,14.5,7,46,2,25,25,11,21,1013,33,10,236,7,0,0
33,33,13.5,7,53,7,27,27,11,29,1011,33,10,260,7,0,1
32,32,14.5,7,61,9,27,27,12,36,1013,32,10,212,7,0,1
36,36,14.5,7,68,5,28,28,10,22,1014,36,10,188,6,0,0
37,37,14.5,8,72,2,29,29,13,17,1012,37,10,224,8,0,0
35,35,14.5,7,82,3,27,27,12,20,1013,35,10,282,8,0,0
35,35,14.5,7,90,3,28,28,14,22,1012,35,10,291,9,0,0
30,30,14.5,7,97,5,24,24,23,30,1014,30,10,306,16,0,0
31,31,14.5,6,100,3,24,24,13,29,1015,31,10,300,9,0,0
34,34,14.5,7,88,1,26,26,9,20,1009,34,10,302,6,0,0
30,30,14.5,7,81,7,25,25,21,36,1007,30,10,276,15,0,1
24,24,11.6,5,74,2,18,18,20,41,1014,24,10,307,14,0,0
28,28,11.6,6,67,0,21,21,11,26,1015,28,10,299,8,1,0
28,28,11.6,6,59,4,22,22,16,32,1016,28,10,301,11,0,0
28,28,11.6,6,52,3,21,21,16,34,1015,28,10,300,10,0,0
32,32,11.6,7,45,1,24,24,9,22,1010,32,10,191,6,0,0
29,29,11.6,6,38,1,23,23,16,24,1010,29,10,294,11,0,0
28,28,11.6,6,30,2,21,21,12,29,1014,28,10,298,8,0,0
28,28,11.6,6,23,-2,21,21,14,22,1017,28,10,301,9,0,0
35,35,11.6,7,16,-1,25,25,10,19,1017,35,10,241,6,0,0
38,38,10.4,7,8,2,30,30,13,18,1017,38,10,141,8,0,1
36,36,11.6,8,1,7,30,30,10,29,1019,36,10,241,7,0,0
36,36,11.6,8,0,8,28,28,11,29,1017,36,10,306,7,0,1
34,34,9.3,6,0,9,28,28,10,32,1012,34,10,218,6,0,1
30,30,11.6,7,6,4,25,25,13,27,1010,30,10,287,9,0,0
34,34,11.6,7,13,0,27,27,19,18,1009,34,10,193,12,0,0
32,32,11.6,7,20,7,25,25,16,32,1012,32,10,301,11,0,0
35,35,11.6,7,28,4,28,28,13,25,1011,35,10,190,8,0,0
32,32,11.6,7,35,2,27,27,17,20,1010,32,10,262,10,0,0
33,33,9.1,6,42,6,27,27,15,28,1010,33,10,209,10,0,1
31,31,11.6,7,50,8,25,25,11,38,1009,31,10,296,7,0,1
30,30,11.6,6,57,8,24,24,15,40,1009,30,10,304,10,0,1
30,30,11.6,6,64,0,24,24,12,23,1013,30,10,295,7,0,0
32,32,11.6,7,71,0,24,24,18,21,1010,32,10,216,11,0,0
23,23,11.6,5,79,-5,17,18,25,22,1012,23,10,304,17,0,0
20,20,11.6,5,82,-2,15,16,21,29,1013,20,10,311,14,0,0
24,24,11.6,5,97,3,16,17,10,42,1018,24,10,223,6,0,0
32,32,11.6,7,100,5,25,25,14,33,1015,32,10,236,9,0,0
32,32,11.6,7,88,1,25,25,11,23,1016,32,10,299,8,0,0
34,34,11.6,7,81,-1,26,26,11,19,1016,34,10,158,7,0,0
36,36,11.6,8,73,-3,28,28,22,12,1016,36,10,224,13,0,0
33,33,11.6,7,66,-3,25,25,14,18,1018,33,10,311,10,0,0
29,29,11.6,6,58,-2,22,22,30,21,1013,29,10,314,21,0,0
17,17,11.6,4,50,-9,10,11,14,26,1024,17,10,220,10,0,0
21,21,11.6,5,43,-10,14,15,14,19,1021,21,10,165,9,0,0
26,26,11.6,6,35,-7,18,19,12,19,1019,26,10,194,7,0,0